No.	PMID	Sequence (RNA or DNA)	In Rfam? http://rfam.xfam.org/search	Full or partial?	ncRNA name	Part of an alignment?	Has secondary structure?	Genbank ID	Coordinates	Species name	NCBI taxid	ncRNA type	Where sequence came from	Comments	In RNAcentral? (computed automatically)	Created new Rfam family?
166	22514725	GCTCCAGGTCAAATGTAGTGGGGCACCAATTTCGTATCCCAGCTTTACTATTTCGTGCTTTACTAAATTACCAACTGGC	no		Sso0016	no	no	AE006641.1	14031-14109	Sulfolobus solfataricus P2	273057	antisense_RNA	fig 4A	1. Validated by Northern blot.	#NAME?
167	22514725	GCTTTAACCGGTTTAGGTGGAGCCACGTTTTTAGTACCAATTTATACATTATATCTAAATGTGCCTATTGCCTATGCTTCTGGAGC	no		Sso0015	no	no	AE006641.1	13729-13814	Sulfolobus solfataricus P2	273057	antisense_RNA	fig 4A	1. Validated by Northern blot.	#NAME?
168	15718303	TCAAACGTCGTGGTGCTGTTCGTAAAGCTAAACTGTACTACCTGCGTGAGC	no		rpsP 5'-UTR	no	no	CP014225.1	941474-941424	Escherichia coli str. K-12 substr. MG1655
169	15718303	TCACTGGCACAGCAGGAGCAGCTTGGCTTTGTCG	no		zipA 5'-UTR	no	no	CP014225.1	726500-726467	Escherichia coli str. K-12 substr. MG1655
172	15718303	CTGAGCGATATTCGACAGCGCAATCAGCGGCCACACT	no		mgtA 5'-UTR	no	no	CP014225.1	2662214-2662250	Escherichia coli str. K-12 substr. MG1655
173	15718303	ACTTCGTACCCGCATGCTGAGAGCGAGTGGGT	no		fimA 3'-UTR	no	no	CP014225.1	2738334-2738365	Escherichia coli str. K-12 substr. MG1655
174	15718303	ACTTCATCTGGCAGAGAAGGGCGATCATCTTCCAGATCGGCCGTTGGC	no		spy 3'-UTR	no	no	CP014225.1	19553-19506	Escherichia coli str. K-12 substr. MG1655
176	15718303	CTGGAAAACACCTGCCGCTGGCTAACGGTGATGGCCGCCGGGCAGGAAGTGT	no		glnA 3'-UTR	no	no	CP014225.1	2251401-2251350	Escherichia coli str. K-12 substr. MG1655
180	15718303	CACGCGGGCCATCCACCAGTGACTGGGTGCCAGTATAGGCATGAATGGTCGTCATC	no		SokB	no	no	CP014225.1	4329067-4329122	Escherichia coli str. K-12 substr. MG1655
181	15718303	GTTCAGCATATAGGAGGCCTCGGGTTGATGGTAAAATATCACTCGGGGCTTTTCT	no		SokC	no	no	CP014225.1	2855693-2855747	Escherichia coli str. K-12 substr. MG1655
